{
  "maria": {
    "mean": 3.5465760477808668,
    "std": 0.31626967375873016
  },
  "img1": {
    "mean": 0.8374214807949748,
    "std": 0.01598722318027945
  },
  "wrist": {
    "mean": 11.004053822126112,
    "std": 0.1862141884787215
  },
  "v22": {
    "mean": [
      1.2919980255905725,
      1.1882529969604425,
      1.3095021912791125,
      1.1587169092992218,
      0.9083667513210976
    ],
    "std": [
      0.13851429990060174,
      0.16614308858961588,
      0.19321551598021075,
      0.15465731406094133,
      0.11098288069813825
    ]
  }
}